id,lastmod
Q49344,2022-10-23T21:03:58Z
Q57321,2022-12-09T02:28:13Z
Q58158,2022-09-19T02:14:37Z
Q217794,2022-09-14T12:59:29Z
Q374783,2022-09-15T05:38:59Z
Q456141,2022-11-18T08:32:18Z
Q562577,2022-11-09T03:35:29Z
Q2072531,2022-09-14T13:13:44Z
Q2857521,2022-09-14T12:33:15Z
Q4712195,2022-09-14T13:34:50Z
Q4721942,2022-09-14T13:14:19Z
Q5384033,2022-09-14T13:09:02Z
Q5390645,2022-11-19T16:22:23Z
Q5709957,2022-09-14T13:15:02Z
Q5943676,2021-10-24T01:43:58Z
Q5976724,2022-09-14T13:15:04Z
Q5983547,2022-09-14T12:33:13Z
Q5983599,2022-12-09T02:29:08Z
Q6110636,2022-09-14T12:35:27Z
Q6165476,2022-09-14T12:33:14Z
Q6395995,2022-09-14T13:15:04Z
Q6700592,2022-09-14T13:15:03Z
Q7313683,2022-09-14T13:18:54Z
Q7351928,2022-09-14T13:18:52Z
Q15980216,2022-09-14T13:11:17Z
Q15980311,2022-12-02T20:31:37Z
Q16493361,2022-09-14T13:34:09Z
Q16730301,2022-12-02T20:30:11Z
Q16731337,2022-11-21T07:18:49Z
Q17540834,2022-10-29T17:45:40Z
Q23682309,2022-09-16T18:18:34Z
Q26996246,2022-12-02T02:23:56Z
Q26996248,2022-09-14T12:33:11Z
Q27916850,2022-12-02T20:23:27Z
Q28501766,2022-09-28T21:31:02Z
Q28501930,2022-10-16T16:17:26Z
Q51540879,2022-09-14T13:09:34Z
Q52768193,2022-10-14T15:16:41Z
Q54848004,2022-09-14T12:54:24Z
Q55399795,2019-06-17T15:56:30Z
Q55399796,2022-06-09T06:33:21Z
Q55399797,2019-06-16T17:35:00Z
Q90622265,2022-10-09T09:44:21Z
Q90865537,2022-09-04T11:00:54Z
Q90925743,2022-09-04T11:01:42Z
Q90961464,2022-09-14T12:56:50Z
Q96104614,2022-09-14T12:56:43Z
Q98017689,2022-11-07T14:22:08Z
Q102077694,2022-10-17T15:44:41Z
Q106102414,2022-09-14T12:33:11Z
Q108344974,2022-09-14T13:19:46Z
Q111524163,2022-10-16T15:53:48Z
Q111677386,2022-11-27T23:49:37Z
Q113970806,2022-10-08T13:06:48Z
Q113970807,2022-10-12T06:21:58Z
Q113970809,2022-10-09T07:01:35Z
Q113970810,2022-10-12T06:21:50Z
Q113970811,2022-10-12T06:21:16Z
Q113970812,2022-10-11T06:42:56Z
Q113971588,2022-10-08T13:07:36Z
Q114704690,2022-12-05T10:41:49Z
Q114705136,2022-10-18T02:01:27Z
Q114705137,2022-10-18T02:01:28Z
Q114705139,2022-10-18T02:01:28Z
Q114705140,2022-10-18T02:01:28Z
Q114705141,2022-10-18T02:01:28Z
Q114705143,2022-10-18T02:01:29Z
Q114705144,2022-10-18T02:01:29Z
Q114705145,2022-10-18T02:01:29Z
Q114705147,2022-10-18T02:01:29Z
Q114705148,2022-10-18T02:01:30Z
Q114705149,2022-11-12T16:37:29Z
Q114705150,2022-10-18T02:01:30Z
Q114705151,2022-10-21T22:12:09Z
Q114705152,2022-10-21T22:12:10Z
Q114705153,2022-10-30T14:52:41Z
Q114705154,2022-10-21T22:12:10Z
Q114705155,2022-10-21T22:12:10Z
Q114705156,2022-10-30T14:54:16Z
Q114705157,2022-10-21T22:12:11Z
Q114705158,2022-10-21T22:12:11Z
Q114941902,2022-11-12T16:59:16Z
